"Marca temporal","Escriba aquí su edad","¿Posee actualmente un vehículo eléctrico?","¿Con qué frecuencia utiliza cargadores para vehículos eléctricos?","¿Cuál es el principal motivo por el que usa cargadores para vehículos eléctricos  ?","¿Cuál es el tiempo máximo que estaría dispuesto/a a esperar para cargar su coche?","¿Qué tipo de cargador prefiere para su vehículo?","¿Qué tan importante es la sostenibilidad (e.g., uso de energía solar) en la elección de un cargador para su vehículo?","¿En qué tipo de lugares considera más necesarios los cargadores  para vehículos eléctricos?","¿Ha tenido dificultad para encontrar cargadores  para vehículos eléctricos?","¿Qué le parece más importante en un cargador  para vehículos eléctricos?","¿Cuánto estaría dispuesto/a a pagar por una carga rápida de su vehículo (e.g. 15 minutos)","¿Qué sistema de pago prefiere?","¿Qué tipo de soporte adicional preferiría en uno de nuestros cargadores?","¿Ha tenido problemas con cargadores  para vehículos eléctricos ocupados / fuera de servicio?","¿Qué tan lejos estaría dispuesto/a a desviarse para cargar su vehículo en un lugar remoto?","¿Cómo calificaría su experiencia general con los cargadores  para vehículos eléctricos actuales?","¿Qué tan probable es que utilice un cargador eléctrico solar autosuficiente si está disponible?","¿Cuántas veces al mes viaja a áreas donde podría necesitar cargadores en puntos remotos?","¿Qué tan importante considera la inclusión de adaptadores universales en los cargadores?","¿Qué información consideras más útil en una app asociada al cargador?","¿Qué tan interesado/a está en adquirir un vehículo eléctrico en los próximos 5 años (si no tiene uno)?","¿Cuántos cargadores para vehículos eléctricos hay actualmente en su área?","¿Le preocupa la seguridad de cargar su vehículo en áreas remotas?","¿Qué tan importante es para usted que el cargador tenga un diseño atractivo y moderno?","¿Ha tenido problemas con la compatibilidad de su vehículo con algunos cargadores?","¿Estaría dispuesto/a a pagar una suscripción mensual para acceder a nuestros cargadores en zonas remotas y puntos estratégicos?","Para finalizar, cualquier idea, sugerencia, opinión exprésela aquí"
"2025/01/09 11:21:14 p. m. CET","20","No, pero estoy considerando comprar uno","Nunca","No uso","30 - 60 minutos","Estándar","Muy importante","Carreteras remotas","Sí, algunas veces","Facilidad de uso","Más de 5€","Tarjeta de crédito/débito","Wi-Fi gratuito","Rara vez","5 - 10 km","Buena","Muy probable","2 - 5 veces","Muy importante","Disponibilidad en tiempo real","Muy interesado/a","4 - 6","Sí, mucho","Moderadamente importante","No","Sí",""
"2025/01/09 11:23:03 p. m. CET","24","No, y no tengo planes de hacerlo","Nunca","Por emergencias puntuales","Más de 1 hora","Rápido","Moderadamente importante","Carreteras remotas","No, nunca","Disponibilidad","3 - 5€","Tarjeta de crédito/débito","Tienda / cafetería cercana","Nunca","5 - 10 km","Regular","Probable","0 -1 veces","Muy importante","Ubicación de los cargadores","Algo interesado/a","1 - 3","Sí, algo","Nada importante","No","No",""
"2025/01/09 11:28:03 p. m. CET","23","No, y no tengo planes de hacerlo","","","15 - 30 minutos","Rápido","Muy importante","Centros comerciales","","Velocidad de carga","Más de 5€","Tarjeta de crédito/débito","Tienda / cafetería cercana","","5 km","","Poco probable","2 - 5 veces","Muy importante","Ubicación de los cargadores","Algo interesado/a","1 - 3","Sí, mucho","Poco importante","","Depende del precio",""
"2025/01/09 11:44:13 p. m. CET","23","No, y no tengo planes de hacerlo","Todos los días","Por conveniencia","Más de 1 hora","Rápido","Moderadamente importante","Aparcamientos de eventos (e.g., conciertos, partidos...)","Sí, algunas veces","Velocidad de carga","3 - 5€","Tarjeta de crédito/débito","Tienda / cafetería cercana","Rara vez","Más de 10 km","Buena","Probable","2 - 5 veces","Moderadamente importante","Tiempo estimado de carga","Algo interesado/a","1 - 3","Sí, algo","Moderadamente importante","Sí, alguna vez","Sí",""
"2025/01/09 11:52:08 p. m. CET","52","No, pero estoy considerando comprar uno","Nunca","Por compromiso con la sostenibilidad","15 - 30 minutos","Rápido","Muy importante","Todos los sitios que se pueda","No, nunca","Compromiso con la sostenibilidad","3 - 5€","Aplicación móvil","Asistencia ténica","Nunca","5 - 10 km","Regular","Probable","0 -1 veces","Muy importante","Ubicación de los cargadores","Algo interesado/a","1 - 3","Sí, mucho","Nada importante","No","No",""
"2025/01/09 11:55:02 p. m. CET","54","No, y no tengo planes de hacerlo","Todos los días","Por conveniencia","15 minutos","Rápido","Muy importante","Carreteras remotas","Sí, muchas veces","Velocidad de carga","3 - 5€","Tarjeta de crédito/débito","Wi-Fi gratuito","Rara vez","5 km","Regular","Probable","2 - 5 veces","Muy importante","Ubicación de los cargadores","Algo interesado/a","4 - 6","Sí, algo","Poco importante","No","No",""
"2025/01/10 12:14:45 a. m. CET","60","No, y no tengo planes de hacerlo","Todos los días","","15 minutos","Estándar","Muy importante","","Sí, algunas veces","","Menos de 3€","Tarjeta de crédito/débito","Tienda / cafetería cercana","Nunca","5 km","Buena","Muy probable","0 -1 veces","Muy importante","Tiempo estimado de carga","Nada interesado/a","1 - 3","Sí, algo","Poco importante","No","No",""
"2025/01/10 12:15:42 a. m. CET","57","No, pero estoy considerando comprar uno","Varias veces a la semana","Por emergencias puntuales","15 - 30 minutos","Estándar","Muy importante","Aparcamientos de eventos (e.g., conciertos, partidos...)","Sí, algunas veces","Disponibilidad","3 - 5€","Aplicación móvil","Asistencia ténica","Frecuentemente","5 - 10 km","Regular","Probable","2 - 5 veces","Muy importante","Ubicación de los cargadores","Muy interesado/a","4 - 6","Sí, algo","Poco importante","No","Depende del precio","Posibilidad de instalar más cargadores eléctricos y que tengan mayor accesibilidad."
"2025/01/10 12:46:15 a. m. CET","56","No, y no tengo planes de hacerlo","Nunca","No uso","15 minutos","Rápido","Muy importante","En todos ","No, nunca","Compromiso con la sostenibilidad","3 - 5€","Aplicación móvil","Tienda / cafetería cercana","Rara vez","5 km","Buena","Muy probable","","Muy importante","Ubicación de los cargadores","Algo interesado/a","1 - 3","Sí, mucho","Poco importante","No","No",""
"2025/01/10 6:08:19 a. m. CET","52","No, y no tengo planes de hacerlo","Nunca","","15 minutos","Rápido","Muy importante","","Sí, muchas veces","Velocidad de carga","Menos de 3€","Tarjeta de crédito/débito","Asistencia ténica","Siempre","No me desviaría","Mala","Nada probable","Más de 5 veces","Nada importante","⁶","","","","Nada importante","No","No",""
"2025/01/10 7:27:14 a. m. CET","19","No, y no tengo planes de hacerlo","Nunca","Por emergencias puntuales","30 - 60 minutos","Rápido","Poco importante","Carreteras remotas","Sí, algunas veces","Disponibilidad","3 - 5€","Tarjeta de crédito/débito","Asistencia ténica","Rara vez","5 km","Buena","Poco probable","0 -1 veces","Muy importante","Ubicación de los cargadores","Poco interesado/a","Ninguno","Sí, algo","Poco importante","Sí, alguna vez","Sí",""
"2025/01/10 7:32:36 a. m. CET","23","No, pero estoy considerando comprar uno","Nunca","Por conveniencia","15 - 30 minutos","Rápido","Moderadamente importante","Aparcamientos de eventos (e.g., conciertos, partidos...)","Sí, muchas veces","Velocidad de carga","3 - 5€","Tarjeta de crédito/débito","Asistencia ténica","Nunca","5 km","Regular","Muy probable","2 - 5 veces","Muy importante","Disponibilidad en tiempo real","Muy interesado/a","1 - 3","Sí, algo","Nada importante","Sí, alguna vez","Depende del precio",""
"2025/01/10 8:07:18 a. m. CET","52","No, y no tengo planes de hacerlo","Todos los días","Por conveniencia","15 minutos","Rápido","Muy importante","Carreteras remotas","Sí, algunas veces","Velocidad de carga","3 - 5€","Tarjeta de crédito/débito","Tienda / cafetería cercana","Nunca","No me desviaría","Mala","Poco probable","Más de 5 veces","Muy importante","Ubicación de los cargadores","Algo interesado/a","4 - 6","Sí, mucho","Nada importante","No","No","El tiempo de carga es un gran inconveniente."
"2025/01/10 9:47:06 a. m. CET","51","No, pero estoy considerando comprar uno","Nunca","Por compromiso con la sostenibilidad","15 - 30 minutos","Rápido","Muy importante","Centros comerciales","No, nunca","Compromiso con la sostenibilidad","3 - 5€","Aplicación móvil","Asistencia ténica","Nunca","5 km","","Muy probable","0 -1 veces","Muy importante","Ubicación de los cargadores","Algo interesado/a","1 - 3","Sí, algo","Poco importante","No","Depende del precio",""
"2025/01/10 9:51:18 a. m. CET","21","No, pero estoy considerando comprar uno","","","","","","","","","","","","","","","","","","","Algo interesado/a","1 - 3","","","","",""
"2025/01/10 9:57:53 a. m. CET","43","No, pero estoy considerando comprar uno","Nunca","Por emergencias puntuales","15 - 30 minutos","Rápido","Muy importante","Aparcamientos de eventos (e.g., conciertos, partidos...)","No, nunca","Velocidad de carga","3 - 5€","Tarjeta de crédito/débito","Tienda / cafetería cercana","Nunca","5 km","Regular","Probable","0 -1 veces","Muy importante","Ubicación de los cargadores","Algo interesado/a","1 - 3","Sí, mucho","Poco importante","No","No",""
"2025/01/10 11:39:01 a. m. CET","25","No, pero estoy considerando comprar uno","","","","","","","","","","","","","","","","","","","","","","","","",""
"2025/01/10 12:45:35 p. m. CET","24","No, y no tengo planes de hacerlo","Nunca","Por compromiso con la sostenibilidad","15 - 30 minutos","Rápido","Moderadamente importante","Carreteras remotas","Sí, algunas veces","Velocidad de carga","3 - 5€","Tarjeta de crédito/débito","Tienda / cafetería cercana","Rara vez","5 - 10 km","Buena","Poco probable","0 -1 veces","Moderadamente importante","Tiempo estimado de carga","Algo interesado/a","1 - 3","Sí, algo","Moderadamente importante","Sí, alguna vez","Sí",""
"2025/01/10 12:47:34 p. m. CET","19","No, pero estoy considerando comprar uno","Nunca","Por conveniencia","15 - 30 minutos","Rápido","Moderadamente importante","Aparcamientos de eventos (e.g., conciertos, partidos...)","Sí, algunas veces","Costo del servicio","3 - 5€","Tarjeta de crédito/débito","Tienda / cafetería cercana","Nunca","5 km","Buena","Probable","2 - 5 veces","Muy importante","Tiempo estimado de carga","Algo interesado/a","4 - 6","Sí, mucho","Poco importante","No","No",""
"2025/01/10 1:01:00 p. m. CET","48","No, y no tengo planes de hacerlo","Nunca","No tengo coche ","15 - 30 minutos","Rápido","Moderadamente importante","Carreteras remotas","Sí, muchas veces","Costo del servicio","3 - 5€","Cualquiera ","Wi-Fi gratuito","Nunca","5 - 10 km","Regular","Probable","2 - 5 veces","Moderadamente importante","Tiempo estimado de carga","Nada interesado/a","Ninguno","Sí, algo","Poco importante","No","Depende del precio",""
"2025/01/10 1:16:19 p. m. CET","19","No, pero estoy considerando comprar uno","Nunca","Por emergencias puntuales","15 - 30 minutos","Estándar","Moderadamente importante","Centros comerciales","Sí, algunas veces","Compromiso con la sostenibilidad","3 - 5€","Aplicación móvil","Asistencia ténica","Rara vez","5 - 10 km","Buena","Probable","2 - 5 veces","Moderadamente importante","Tiempo estimado de carga","Algo interesado/a","1 - 3","Sí, algo","Moderadamente importante","Sí, alguna vez","No",""
"2025/01/10 1:16:51 p. m. CET","23","No, y no tengo planes de hacerlo","Nunca","","15 - 30 minutos","Rápido","Poco importante","Centros comerciales","No, nunca","Velocidad de carga","Menos de 3€","Tarjeta de crédito/débito","Tienda / cafetería cercana","Nunca","5 km","","Poco probable","0 -1 veces","Muy importante","Ubicación de los cargadores","Nada interesado/a","1 - 3","Sí, algo","Poco importante","","Depende del precio",""
"2025/01/10 1:55:52 p. m. CET","53","Sí","Nunca","","30 - 60 minutos","Rápido","Muy importante","Carreteras remotas","Sí, algunas veces","Disponibilidad","3 - 5€","Tarjeta de crédito/débito","Tienda / cafetería cercana","Rara vez","5 - 10 km","Regular","Probable","2 - 5 veces","Muy importante","Ubicación de los cargadores","Algo interesado/a","1 - 3","Sí, mucho","Poco importante","No","Depende del precio",""
"2025/01/10 2:06:05 p. m. CET","26","No, y no tengo planes de hacerlo","Nunca","Por emergencias puntuales","15 - 30 minutos","Indiferente","Poco importante","Carreteras remotas","Sí, muchas veces","Costo del servicio","3 - 5€","Tarjeta de crédito/débito","Asistencia ténica","Nunca","5 - 10 km","Regular","Muy probable","2 - 5 veces","Muy importante","Ubicación de los cargadores","Poco interesado/a","Ninguno","Sí, mucho","Nada importante","No","Depende del precio",""
"2025/01/10 2:21:34 p. m. CET","38","No, pero estoy considerando comprar uno","Nunca","Por conveniencia","15 minutos","Rápido","Poco importante","Carreteras remotas","Sí, muchas veces","Costo del servicio","3 - 5€","Tarjeta de crédito/débito","Asistencia ténica","Frecuentemente","5 - 10 km","Regular","Muy probable","0 -1 veces","Moderadamente importante","Tiempo estimado de carga","Algo interesado/a","4 - 6","Sí, algo","Poco importante","Sí, alguna vez","No",""
"2025/01/10 3:30:52 p. m. CET","38","No, pero estoy considerando comprar uno","Todos los días","Vehiculos del trabajo","15 minutos","Rápido","Muy importante","Carreteras remotas","Sí, algunas veces","Velocidad de carga","Más de 5€","Tarjeta de crédito/débito","Tienda / cafetería cercana","Frecuentemente","5 km","Regular","Muy probable","0 -1 veces","Muy importante","Disponibilidad en tiempo real","Muy interesado/a","1 - 3","Sí, mucho","Nada importante","Sí, alguna vez","No",""
"2025/01/10 3:52:37 p. m. CET","35","No, y no tengo planes de hacerlo","Nunca","","30 - 60 minutos","Rápido","Moderadamente importante","Centros comerciales","Sí, algunas veces","Costo del servicio","Menos de 3€","Aplicación móvil","Asistencia ténica","","5 km","","Muy probable","0 -1 veces","Moderadamente importante","Ubicación de los cargadores","Algo interesado/a","1 - 3","Sí, mucho","Poco importante","","Depende del precio",""
"2025/01/11 1:46:20 p. m. CET","19","No, y no tengo planes de hacerlo","Nunca","No uso cargadores eléctricos","15 - 30 minutos","Rápido","Moderadamente importante","Carreteras remotas","No, nunca","Costo del servicio","Más de 5€","Efectivo","Tienda / cafetería cercana","Nunca","5 km","Regular","Probable","0 -1 veces","Moderadamente importante","Opciones de pago","Nada interesado/a","1 - 3","Sí, algo","Poco importante","No","No",""
"2025/01/11 1:51:38 p. m. CET","58","No, y no tengo planes de hacerlo","Nunca","No uso cargador ","15 minutos","Rápido","Muy importante","Carreteras remotas","No, nunca","Compromiso con la sostenibilidad","3 - 5€","Efectivo","Asistencia ténica","Nunca","5 km","Buena","Probable","0 -1 veces","Muy importante","Ubicación de los cargadores","Algo interesado/a","1 - 3","Sí, mucho","Moderadamente importante","No","Depende del precio","Ninguna sugerencia "